hour,mean,count
0,0.0,7
1,0.0,7
2,0.0,7
3,0.0,7
4,-67.92118610371101,7
5,-205.33525139478436,7
6,-322.4235916471411,7
7,-89.2281796206458,7
8,473.20508367015816,7
9,806.180534409791,7
10,1168.1458559103673,7
11,772.4259244224166,7
12,545.2421592930776,7
13,717.8739215771386,7
14,640.4686499358161,7
15,697.4528706758521,7
16,270.808159693193,7
17,-177.17875420384038,7
18,-391.5520975193278,7
19,-271.20273782443877,7
20,-130.52661721815522,7
21,-5.553507356498861,7
22,0.0,7
23,0.0,7
