Feature Set,Feature,Training mean,Training std
Set A,irradiation,0.23862904583822622,0.30227400654867825
Set A,module_temp,31.7334925038342,12.627945763631237
Set A,ambient_temp,25.83587704724318,3.497100286706595
Set A,sin_hour,-0.008381851723967593,0.7096412003716979
Set A,cos_hour,-0.016592992685702877,0.7043179565298797
Set B,public_sw_radiation,254.1703821656051,318.43818398689734
Set B,public_temp2m,33.07611464968153,4.104755227452827
Set B,cloud_cover,68.6640127388535,34.12636004820856
Set B,sin_hour,-0.008381851723967593,0.7096412003716979
Set B,cos_hour,-0.016592992685702877,0.7043179565298797
